{"cameraMode":{"drawMode":0,"name":"Shaded","section":"Shading Mode"},"sceneLighting":true,"audioPlay":false,"sceneViewState":{"m_AlwaysRefresh":false,"showFog":true,"showSkybox":true,"showFlares":true,"showImageEffects":true,"showParticleSystems":true,"showVisualEffectGraphs":true,"m_FxEnabled":true},"in2DMode":false,"pivot":{"x":-0.17666113376617433,"y":0.2458568662405014,"z":-0.8048640489578247},"rotation":{"x":0.026462987065315248,"y":-0.9691293239593506,"z":0.10728739947080612,"w":0.22101764380931855},"size":3.6279327869415285,"orthographic":true}