{"cameraMode":{"drawMode":0,"name":"Shaded","section":"Shading Mode"},"sceneLighting":true,"audioPlay":false,"sceneViewState":{"m_AlwaysRefresh":false,"showFog":true,"showSkybox":true,"showFlares":true,"showImageEffects":true,"showParticleSystems":true,"showVisualEffectGraphs":true,"m_FxEnabled":true},"in2DMode":false,"pivot":{"x":-0.46469157934188845,"y":1.4041563272476197,"z":5.354213714599609},"rotation":{"x":-0.08413346856832504,"y":0.04243305325508118,"z":-0.0035861358046531679,"w":-0.99554443359375},"size":619.6732788085938,"orthographic":false}