{"cameraMode":{"drawMode":0,"name":"Shaded","section":"Shading Mode"},"sceneLighting":true,"audioPlay":false,"sceneViewState":{"m_AlwaysRefresh":false,"showFog":true,"showSkybox":true,"showFlares":true,"showImageEffects":true,"showParticleSystems":true,"showVisualEffectGraphs":true,"m_FxEnabled":true},"in2DMode":false,"pivot":{"x":2.1421003341674806,"y":-0.9548847079277039,"z":-6.469818115234375},"rotation":{"x":-0.01410934142768383,"y":-0.9774361252784729,"z":0.1977018117904663,"w":-0.07534956187009812},"size":3.8602123260498049,"orthographic":false}