{"cameraMode":{"drawMode":0,"name":"Shaded","section":"Shading Mode"},"sceneLighting":true,"audioPlay":false,"sceneViewState":{"m_AlwaysRefresh":false,"showFog":true,"showSkybox":true,"showFlares":true,"showImageEffects":true,"showParticleSystems":true,"showVisualEffectGraphs":true,"m_FxEnabled":true},"in2DMode":false,"pivot":{"x":-0.2741832733154297,"y":2.2708144187927248,"z":-2.2462706565856935},"rotation":{"x":-0.20763404667377473,"y":-0.13867399096488954,"z":0.031148169189691545,"w":-0.9680136442184448},"size":1.622450351715088,"orthographic":false}