{"cameraMode":{"drawMode":0,"name":"Shaded","section":"Shading Mode"},"sceneLighting":true,"audioPlay":false,"sceneViewState":{"m_AlwaysRefresh":false,"showFog":true,"showSkybox":true,"showFlares":true,"showImageEffects":true,"showParticleSystems":true,"showVisualEffectGraphs":true,"m_FxEnabled":true},"in2DMode":false,"pivot":{"x":-1.8637505769729615,"y":2.2342376708984377,"z":0.07034540176391602},"rotation":{"x":0.0461694709956646,"y":0.021053897216916086,"z":-0.0013252467615529895,"w":0.9988186359405518},"size":2.719907760620117,"orthographic":true}