{"cameraMode":{"drawMode":0,"name":"Shaded","section":"Shading Mode"},"sceneLighting":true,"audioPlay":false,"sceneViewState":{"m_AlwaysRefresh":false,"showFog":true,"showSkybox":true,"showFlares":true,"showImageEffects":true,"showParticleSystems":true,"showVisualEffectGraphs":true,"m_FxEnabled":true},"in2DMode":false,"pivot":{"x":0.8442261815071106,"y":4.180283069610596,"z":1.8709096908569337},"rotation":{"x":-0.0010659507242962719,"y":0.996168851852417,"z":-0.01226296927779913,"w":-0.08658403158187866},"size":2.1794683933258058,"orthographic":false}