{"cameraMode":{"drawMode":0,"name":"Shaded","section":"Shading Mode"},"sceneLighting":true,"audioPlay":false,"sceneViewState":{"m_AlwaysRefresh":false,"showFog":true,"showSkybox":true,"showFlares":true,"showImageEffects":true,"showParticleSystems":true,"showVisualEffectGraphs":true,"m_FxEnabled":true},"in2DMode":false,"pivot":{"x":0.9013360738754273,"y":1.7677146196365357,"z":-2.0565004348754885},"rotation":{"x":-0.05850517004728317,"y":-0.7061377167701721,"z":0.05890149250626564,"w":-0.7032596468925476},"size":1.5084412097930909,"orthographic":false}